Name,hoplink,shortened,google sites,category,site,Description
Liv Pure,https://4433ciwar07x4webnmwf092w8j.hop.clickbank.net,https://bit.ly/liv-pure-2023-weight-loss,,health,,"Product Name: Liv Pure

Product Type: Dietary Supplement for Weight Loss

Description Summary:

Liv Pure is a dietary supplement designed to target the root cause of stubborn belly fat - compromised liver function. It has a unique formulation that aims to detoxify and optimize liver function, putting your body into a fat-burning mode.

Liv Pure is the only product that contains the proprietary Liver Purification and Liver Fat-Burning Complex. These are unique blends of Mediterranean plants and super nutrients designed to rapidly optimize liver function.

Supporting the body's natural detoxification process, Liv Pure can speed up calorie burning and activate your body's fat-burning mode.

Key Ingredients:

Liver Purification Complex:

Sylimarin - supports liver detoxification and liver cell regeneration.
Betaine - supports liver detoxification and optimal liver health.
Berberine - supports liver detoxification and maintains health and immunity.
Molybdenum - supports liver detoxification and helps flush out environmental pollutants.
Glutathione - supports liver detoxification and liver regeneration.
Liver Fat-Burning Complex:

Camellia Sinensis - supports fat-burning and cardiovascular health.
Resveratrol - supports fat-burning and helps boost metabolism.
Genistein - supports fat-burning and has anti-inflammatory and antioxidant properties.
Chlorogenic Acid - supports fat-burning and improves calorie burning.
Choline - supports fat-burning and cognitive function.
Product Features:

Powered by Nature
Plant Ingredients
Non-GMO
Soy & Dairy Free
Easy To Swallow
Non-Habit Forming
Introductory Offer:

1 Bottle (30-Day Supply) - $69 per bottle + shipping
3 Bottles (90-Day Supply) - $49 per bottle + shipping
6 Bottles (180-Day Supply) - $39 per bottle + FREE shipping
Guarantee: 100% money back guarantee for 60 full days from your original purchase.

FAQs:

Liv Pure is designed for anyone struggling with stubborn fat stores, particularly those related to low energy, slow metabolism, and unexplained weight gain. The key to its effectiveness lies in addressing compromised liver function.

The supplement contains two proprietary blends designed to support liver health and metabolism: the Liver Purification Complex and the Liver Fat-Burning Complex.

Liv Pure is a natural formula made in the USA in an FDA registered and GMP certified facility. It is soy-free, dairy-free, vegetarian, and non-GMO.

If you're unsatisfied with your results, you can return the product within 60 days for a full, no-questions-asked refund.

For best results, it is recommended to take Liv Pure for at least three to six months, especially if you're over 35 or carrying excess weight.

To consume, take Liv Pure with a big glass of water every day.

This is a one-time purchase with no hidden charges or subscription fees. Shipping is done the same day the order is received.




"
Ikaria Juice,https://4aaf7pi8xy4t1qehr32dg88w3y.hop.clickbank.net,https://bit.ly/ikaria-belly-juice-2023,,health,,"Ikaria Lean Belly Juice: A Dietary Supplement for Accelerated Weight Loss

Key Product Details:

Product Name: Ikaria Lean Belly Juice.
Type of Product: Dietary supplement specifically designed for weight loss.
Unique Selling Proposition: A fast-acting formula that targets the root cause of stubborn body fat and unexplained fatigue.
Product Summary:

Ikaria Lean Belly Juice is an exotic blend of ancient nutrients that help transform your body into a fat-burning machine by eliminating harmful ceramides.
It accelerates fat loss, boosts energy levels, and aids in achieving healthier and happier lives.
Daily intake of Ikaria Lean Belly Juice can help dissolve stubborn fat, resulting in increased energy and vitality.
Product Highlights:

Targets harmful ceramides: The formula works to eliminate harmful ceramides that cause fat cells to spill into the bloodstream and accumulate around vital organs, slowing metabolism and forcing the body into fat storage mode.
Contains potent nutrients: The Ikaria Lean Belly Juice formula includes Fucoxanthin, Panax Ginseng, Bioperine, Resveratrol, EGCG, Taraxacum, Citrus Pectin, and Milk Thistle, which collectively work to boost metabolism, increase energy, and support fat loss.
Easy to consume: Simply mix one scoop of the juice in a glass of water or your favorite beverage every morning.
Includes antioxidants: The formula also contains a proprietary blend of 8 super antioxidants, including Beet Root, Hibiscus, Strawberry Extract, Acai Extract, African Mango Extract, Black Currant Extract, and Blueberry Powder.
Comes with bonuses: For a limited time, orders of 3 or 6 bottles come with free shipping and 3 incredible bonuses: Anti-Aging Blueprint, Energy Boosting Smoothies, and VIP Coaching.
Customer satisfaction: Numerous customer testimonials attest to the effectiveness of Ikaria Lean Belly Juice, with reports of significant weight loss in just weeks.
Money-back guarantee: The product comes with a 180-day money-back guarantee to ensure customer satisfaction.
Benefits:

Accelerated weight loss: The unique combination of natural ingredients aids in faster fat loss.
Energy boost: The formula helps to increase energy levels and vitality.
Supports healthy digestion: Certain ingredients in the blend, like Citrus Pectin, optimize digestion and delay stomach emptying, which helps reduce food intake and cravings.
Promotes overall health: The formula not only aids in weight loss but also contributes to healthier arteries, liver health, and better cognitive functioning.
Pricing:

30-Day Supply: $69 per bottle + shipping
90-Day Supply: $59 per bottle, free shipping included
180-Day Supply: $39 per bottle, free shipping included"
Apilean,https://5afabqxaqrgk4k68onohfyyv9c.hop.clickbank.net,https://bit.ly/apilean-2023-offer,,health,,"
Product Name: Alpilean

Product Type: Dietary Supplement for Weight Loss

Product Summary:
Alpilean is a unique dietary supplement designed to support healthy weight loss. It targets low inner body temperature, a factor linked to slower metabolism and weight gain according to Stanford University research. The supplement is a blend of six alpine nutrients and plants, designed to optimize inner body temperature and boost metabolism.

Product Highlights:

Targets Low Inner Body Temperature: Alpilean works to optimize low inner body temperature, a factor linked to slower metabolism and weight gain.
Potent Nutrients: The Alpilean formula includes Golden Algae (fucoxanthin), Dika Nut (African mango seed), Drumstick Tree Leaf (moringa leaf), Bigarade Orange (citrus bioflavonoids), Ginger Rhizome (ginger root), and Turmeric Rhizome (turmeric root).
Easy to Consume: Simply take one capsule per day with a big glass of cold water.
Natural Formula: The supplement is a natural formula, non-GMO, easy to swallow, non-stimulant, and non-habit forming.
Bonuses: Orders of 3 or 6 bottles come with two free bonuses: ""1-Day Kickstart Detox"" and ""Renew You"".
Benefits:

Accelerated Weight Loss: The unique combination of natural ingredients aids in faster fat loss.
Energy Boost: The formula helps to increase energy levels and vitality.
Supports Overall Health: The formula not only aids in weight loss but also supports various health aspects like liver, brain, bone health, digestion, immunity, and more.
Pricing:

30-Day Supply: $59 per bottle
90-Day Supply: $49 per bottle
180-Day Supply: $39 per bottle
Guarantee:
Alpilean offers a 90-day money-back guarantee to ensure customer satisfaction. If for any reason you're unsatisfied with your results, just return all bottles (even if empty) for a full, no questions asked refund."